id;enterprise_id;nom_cabinet;numero_identification_cabinet;email_cabinet;adresse_cabinet;telephone_cabinet;ville_cabinet;activite_cabinet
1;91339;disintermediate Sénégal Avon;Concrete;Oman Tuna Generic;Shirt Soft;Somoni;Pound;Plastic
2;22638;encompassing Baby;Shirt synthesize Analyste;Account Designer Games;centrafricaine web-enabled Handmade;Generic alarm bluetooth;Granite;frictionless deposit
3;88873;Barbade state Analyste;3rd;Plastic gold;Ingenieur bleeding-edge proactive;frame Fresh back-end;calculating;hack architectures Corse
4;50776;standardization;virtual Netherlands niches;matrix deposit Incredible;service-desk;deposit Ergonomic;seamless;Borders Practical utilize
5;95969;compress;Franc Niger indexing;info-mediaries Picardie;dot-com a;enhance Music;Movies Rustic user-centric;card Cambridgeshire
6;11356;Licensed Awesome;Gorgeous a du;Investment Unbranded;seamless Avon;initiatives;c Soap Gloves;Havre Rhône-Alpes
7;49991;Shoes robust;c;synergies;Afghani optimize models;a Libyan;a;Frozen Île-de-France Oman
8;77562;Islands;payment Rial;functionalities Marcadet;Unbranded;azure Guyana;Ergonomic Fresh Irlande;Iraqi
9;68604;composite program;help-desk;multi-byte d'Orsel;system transmitting;flexibility Dollar Picardie;Nesle c;capability Open-source du
10;19653;c Plastic improvement;Awesome 3rd;contextually-based wireless;Gloves Chair;RSS empower payment;parse foreground back-end;channels Iceland
